channel_id,channel_name,uploads_playlist_id,subscriber_count
UC3JGnf8zOIQ06PGQ0Yb2_1Q,Kelsey Rodriguez,UU3JGnf8zOIQ06PGQ0Yb2_1Q,185000
UCASbnmOX__ofIHSRzyZys5Q,How to Sell Digital Products & Downloads,UUASbnmOX__ofIHSRzyZys5Q,5220
UCASG67zBNS92a1x-Rp4PTag,Wendy Jo Davis - Passive Income Pro,UUASG67zBNS92a1x-Rp4PTag,3400
UCWbG-ugvzMiT8i-hwCM9P8w,Brands & Empires,UUWbG-ugvzMiT8i-hwCM9P8w,20500
UCJZ7zr9a6AT6STkyOFztgiQ,Joshua Mayo,UUJZ7zr9a6AT6STkyOFztgiQ,731000
UCufEXE2Ir9IBgTIPGcJdtCA,Brand Creators,UUufEXE2Ir9IBgTIPGcJdtCA,71400
UCMTDWG_-W5MPJXQkpZsTxVg,Anastasia Blogger,UUMTDWG_-W5MPJXQkpZsTxVg,103000
UCK67AgRBhVUIhgopDiQXf1Q,Anam Khan Siddique,UUK67AgRBhVUIhgopDiQXf1Q,114000
UC9Ld5Zuze25cF9V2KARwZJg,Rhonda M Jordan,UU9Ld5Zuze25cF9V2KARwZJg,912
UC3n3JJIrFUhfNOKM80T5T6g,Liam James Kay,UU3n3JJIrFUhfNOKM80T5T6g,312000
UCwMius-CVxpYFLgC6i1dfZQ,Jonny Shapland,UUwMius-CVxpYFLgC6i1dfZQ,20700
UCxu_9_8tXRMVyCgHFve7tdw,Emeshe ,UUxu_9_8tXRMVyCgHFve7tdw,6460
UCEFD9IEMP194V6pnhMf7eWA,Calan Robert,UUEFD9IEMP194V6pnhMf7eWA,6610
UC8w05MpPAcR0wNVcuadBBow,Casual Ecommerce,UU8w05MpPAcR0wNVcuadBBow,77400
UCZ6mdzBWXAzSGYhLyM_fZ9w,affiliatemarketingmc,UUZ6mdzBWXAzSGYhLyM_fZ9w,186000
UC_WnvDbrcZ2qidqro-DSmZA,Insights By Jess,UU_WnvDbrcZ2qidqro-DSmZA,3530
UCFeel7cL_QE98b9oRaTomLg,Sara Finance,UUFeel7cL_QE98b9oRaTomLg,451000
UCfyxxfrNqNpmsWBnycapFEg,Doug Does Digital,UUfyxxfrNqNpmsWBnycapFEg,14900
UCSONqyAuh6OaPV2R8c10sXA,Azharul Rafy,UUSONqyAuh6OaPV2R8c10sXA,148000
UCIn5xWylpHmG70iyLAfHcnA,Digital Income Family,UUIn5xWylpHmG70iyLAfHcnA,27200
UC7geKfz2-IH0rsgRBtHTm0g,Learn With Shopify,UU7geKfz2-IH0rsgRBtHTm0g,376000
UC2PkCt7KRAH3DfEySmnB0sg,Money With Mickey,UU2PkCt7KRAH3DfEySmnB0sg,3840
UCS4VWcCVVI8Bcn8Dteylxzw,Modern Millie,UUS4VWcCVVI8Bcn8Dteylxzw,337000
UCZlAwnm7YLWxQtdDZiSWaJA,Gillian Perkins,UUZlAwnm7YLWxQtdDZiSWaJA,678000
UCNsGkf1nOHDSO2n_o1HSjyw,Tech Express,UUNsGkf1nOHDSO2n_o1HSjyw,24000
UCHlld-wj2sP40Feb-oVZmdg,Shruti Pangtey,UUHlld-wj2sP40Feb-oVZmdg,21900
UCKvaSxHH11xccltyc8IFXjA,Oliur Online,UUKvaSxHH11xccltyc8IFXjA,97400
UC83S7eXEdX-T7Tn82qXA4-w,What Shae Sells,UU83S7eXEdX-T7Tn82qXA4-w,13200
UCy8r-oIbZj5T5d37EQO_5Cg,Stewart Gauld,UUy8r-oIbZj5T5d37EQO_5Cg,211000
UCpz0e3YbDZes7rRsP2HnJFA,Brennan Valeski,UUpz0e3YbDZes7rRsP2HnJFA,16900
UCuMRJLZNvPruleAg7DZA8Hw,Boss Her Up Academy,UUuMRJLZNvPruleAg7DZA8Hw,0
UCBefMCM6P3C2xKsicqUA-kQ,Brandon Timothy,UUBefMCM6P3C2xKsicqUA-kQ,84900
UCFOD2IwcusjjbJ0CUs-1hPg,That Jessa B,UUFOD2IwcusjjbJ0CUs-1hPg,13500
UCSDclSDfDZLCTfxbt64IotQ,Tanner Planes,UUSDclSDfDZLCTfxbt64IotQ,130000
UCx7DWIF3zT2xapezCxIzNVQ,Sandra Di,UUx7DWIF3zT2xapezCxIzNVQ,202000
UChd9BBD7NWmkbwhsmV2-XoA,Ryan Hogue Passive Income,UUhd9BBD7NWmkbwhsmV2-XoA,153000
UCZODWWW8iQuKelX_CPNzuFA,Christina Scalera,UUZODWWW8iQuKelX_CPNzuFA,10800
UCPw7tO2zMFVe8ZybzPEAGDg,Ecom Khany ,UUPw7tO2zMFVe8ZybzPEAGDg,112
UC6aLwtydDZXvkxIfPOTRiuQ,Mr. Money,UU6aLwtydDZXvkxIfPOTRiuQ,199000
UCn8V4itSjrJBax-xLNJxeOQ,THE ECOM KING,UUn8V4itSjrJBax-xLNJxeOQ,508000
UC3qB4xFJkl0EYoTVbhnn0OQ,Ac Hampton,UU3qB4xFJkl0EYoTVbhnn0OQ,305000
UCLX9HF0CKKiBSkkhqpYGxgQ,Arie Scherson,UULX9HF0CKKiBSkkhqpYGxgQ,121000
UCSm7riYU-NTWWFlG9XJBcRA,Jason Lee,UUSm7riYU-NTWWFlG9XJBcRA,27500
UCwBaosV0yTpG2Qs_J6nxEPw,Tutorials PRO,UUwBaosV0yTpG2Qs_J6nxEPw,114
UC_htUlq7eYumecIoQai4HzQ,Hey Jessica,UU_htUlq7eYumecIoQai4HzQ,198000
UCtJlKgfonibsgXPzIb52uWg,Bailey,UUtJlKgfonibsgXPzIb52uWg,8980
UC3ctMFhnGP4HTgr2NwgqBIg,William Lee,UU3ctMFhnGP4HTgr2NwgqBIg,38900
UCfXzRcRPMHw_AF7EdRtyiJQ,Kate Hayes,UUfXzRcRPMHw_AF7EdRtyiJQ,176000
UCxiI1Gr_bfs_N0fWoDw2yAg,Molly Keyser,UUxiI1Gr_bfs_N0fWoDw2yAg,4090
UCZv_19T3Yuk8k0RZRGNqgow,Alek,UUZv_19T3Yuk8k0RZRGNqgow,267000
UCkQjllxYiRAZI8yOEYWDEgQ,Money With Mak,UUkQjllxYiRAZI8yOEYWDEgQ,90500
UCX2GMM3MGAWFPkHvxqFa09g,Austin Rabin,UUX2GMM3MGAWFPkHvxqFa09g,110000
UCUqrKJoljCda-5Sl8whzydw,Hugh's Hustle,UUUqrKJoljCda-5Sl8whzydw,1700
UC8dTfoE3auBa5YLHcJ0GycA,Hrishikesh Roy,UU8dTfoE3auBa5YLHcJ0GycA,354000
UCRm3RoceK8SY61YubzJNZnw,Dina Lu,UURm3RoceK8SY61YubzJNZnw,38200
UCbcNWwrOXIdKAUWE_m5ZLXg,Shelby Kay Reeder,UUbcNWwrOXIdKAUWE_m5ZLXg,11700
UC1DecsubFL5YHU90c1x0q0g,ENERGI,UU1DecsubFL5YHU90c1x0q0g,171000
UCf7CphN7C5tGVHKI_Z-Oz9Q,ShopiBuffet,UUf7CphN7C5tGVHKI_Z-Oz9Q,75
UCdpvn3JGUVbeFGAXjO6kaxw,Dukaan,UUdpvn3JGUVbeFGAXjO6kaxw,36800
UCp4aCOHQWG0w_y60YfCTJ_A, Ecom Masterclass ,UUp4aCOHQWG0w_y60YfCTJ_A,5100
UCED3hlYdD0SlCff7jJ8tF3Q,Samson Vowles - Delightful Design,UUED3hlYdD0SlCff7jJ8tF3Q,52700
UCpBGki9xqP1kfWLPTmomrpA,Mark on Business,UUpBGki9xqP1kfWLPTmomrpA,14700
UCOmo48Jg9H_ji__sw8l2h8w,Mohammed,UUOmo48Jg9H_ji__sw8l2h8w,145000
UCLsLhL5A4FXhY9tAm_1ez5w,Delphine Tamukong,UULsLhL5A4FXhY9tAm_1ez5w,5780
UCfjas_Rj0Jel1OvjQADB5YA,Gaurav Srivastava,UUfjas_Rj0Jel1OvjQADB5YA,22800
UCeO8Gmc2B-3G2fgcFnRR4Xw,Dylan Jahraus,UUeO8Gmc2B-3G2fgcFnRR4Xw,44500
UCs7qwxT0HL2fLTtVrt4i45w,Tips With Trena,UUs7qwxT0HL2fLTtVrt4i45w,55800
UCxFgny7Zri_bBZ_Usq4yehQ,Dave Nick Daily,UUxFgny7Zri_bBZ_Usq4yehQ,272000
UCD7-tcdRiixZmG_FNj-ZGSw,Geslene Mabry,UUD7-tcdRiixZmG_FNj-ZGSw,976
UCP7hMEldnJ51637L-eePmnQ,✨ Chantel Klassen ✨,UUP7hMEldnJ51637L-eePmnQ,1760
